{
  "name": "angular-route",
  "version": "1.4.9",
  "main": "./angular-route.js",
  "ignore": [],
  "dependencies": {
    "angular": "1.4.9"
  },
  "homepage": "https://github.com/angular/bower-angular-route",
  "_release": "1.4.9",
  "_resolution": {
    "type": "version",
    "tag": "v1.4.9",
    "commit": "7636556e472878aea93bedfcdb6c1a809794ac00"
  },
  "_source": "git://github.com/angular/bower-angular-route.git",
  "_target": "~1.4.9",
  "_originalSource": "angular-route",
  "_direct": true
}